aircraft_id,type,base,flights_per_day,total_flight_hours,engine_ids
AF-1001,Generic Fighter Trainer - V1,Base Charlie,0.93,4537,"1,7"
AF-1002,Generic Fighter Trainer - V1,Base Bravo,1.09,2071,"81,87"
AF-1003,Generic Fighter Trainer - V88,Base Charlie,1.87,1856,"66,2"
AF-1004,Generic Transport Aircraft - V6,Base Alpha,0.91,2452,"90,63"
AF-1005,Generic Fighter Trainer - V73,Base Alpha,1.66,4372,"94,69"
AF-1006,Generic Transport Aircraft - V30,Base Bravo,1.51,4815,"97,9"
AF-1007,Generic Fighter Trainer - V99,Base Alpha,1.64,2893,"84,85"
AF-1008,Generic Transport Aircraft - V21,Base Alpha,1.95,2878,"37,16"
AF-1009,Generic Fighter Trainer - V13,Base Bravo,0.92,4971,"58,60"
AF-1010,Generic Transport Aircraft - V79,Base Bravo,1.77,4488,"59,73"
AF-1011,Generic Transport Aircraft - V70,Base Alpha,1.97,3050,"15,88"
AF-1012,Generic Fighter Trainer - V72,Base Bravo,1.8,4033,"54,78"
AF-1013,Generic Transport Aircraft - V75,Base Alpha,1.65,1687,"14,96"
AF-1014,Generic Fighter Trainer - V100,Base Bravo,1.98,2453,"74,83"
AF-1015,Generic Fighter Trainer - V50,Base Bravo,1.34,4916,"50,5"
AF-1016,Generic Transport Aircraft - V22,Base Bravo,1.23,4245,"86,22"
AF-1017,Generic Transport Aircraft - V91,Base Charlie,1.58,3995,"10,8"
AF-1018,Generic Fighter Trainer - V70,Base Charlie,1.09,3393,"67,6"
AF-1019,Generic Transport Aircraft - V36,Base Charlie,1.63,2399,"71,25"
AF-1020,Generic Transport Aircraft - V100,Base Alpha,1.07,1631,"55,98"
AF-1021,Generic Transport Aircraft - V53,Base Bravo,0.88,3823,"33,95"
AF-1022,Generic Transport Aircraft - V29,Base Charlie,1.4,4133,"18,43"
AF-1023,Generic Transport Aircraft - V20,Base Bravo,0.97,4551,"11,48"
AF-1024,Generic Transport Aircraft - V97,Base Charlie,1.31,3890,"39,19"
