date,aircraft_id,mission_id,priority
2026-10-01,AF-1002,MSN-3785,low
2026-10-01,AF-1011,MSN-2293,high
2026-10-01,AF-1024,MSN-7267,high
2026-10-01,AF-1010,MSN-4945,medium
2026-10-01,AF-1012,MSN-3344,low
2026-10-01,AF-1020,MSN-8555,high
2026-10-01,AF-1014,MSN-5161,medium
2026-10-01,AF-1005,MSN-5183,high
2026-10-01,AF-1008,MSN-1153,medium
2026-10-01,AF-1009,MSN-5712,high
2026-10-01,AF-1007,MSN-9955,low
2026-10-01,AF-1021,MSN-2210,medium
2026-10-01,AF-1023,MSN-6661,high
2026-10-01,AF-1003,MSN-5901,high
2026-10-02,AF-1014,MSN-5847,high
2026-10-02,AF-1023,MSN-5837,low
2026-10-02,AF-1009,MSN-7484,medium
2026-10-02,AF-1015,MSN-1132,high
2026-10-02,AF-1010,MSN-1803,high
2026-10-02,AF-1007,MSN-9138,medium
2026-10-02,AF-1013,MSN-4770,high
2026-10-02,AF-1016,MSN-6772,low
2026-10-02,AF-1004,MSN-4115,high
2026-10-02,AF-1017,MSN-5106,high
2026-10-02,AF-1019,MSN-3240,high
2026-10-02,AF-1020,MSN-2591,high
2026-10-02,AF-1006,MSN-1645,medium
2026-10-02,AF-1018,MSN-8222,low
2026-10-03,AF-1019,MSN-9221,medium
2026-10-03,AF-1012,MSN-3695,medium
2026-10-03,AF-1005,MSN-8894,medium
2026-10-03,AF-1003,MSN-6549,low
2026-10-03,AF-1010,MSN-8673,low
2026-10-03,AF-1011,MSN-3306,low
2026-10-03,AF-1014,MSN-7511,high
2026-10-03,AF-1006,MSN-6992,low
2026-10-03,AF-1007,MSN-7464,low
2026-10-03,AF-1021,MSN-5332,high
2026-10-03,AF-1013,MSN-3024,medium
2026-10-03,AF-1009,MSN-7038,high
2026-10-03,AF-1017,MSN-5295,high
2026-10-03,AF-1018,MSN-7242,high
2026-10-04,AF-1012,MSN-7689,low
2026-10-04,AF-1004,MSN-3290,low
2026-10-04,AF-1022,MSN-1609,medium
2026-10-04,AF-1008,MSN-9071,low
2026-10-04,AF-1016,MSN-2592,low
2026-10-04,AF-1001,MSN-9807,low
2026-10-04,AF-1018,MSN-7367,medium
2026-10-04,AF-1011,MSN-7078,high
2026-10-04,AF-1021,MSN-9850,medium
2026-10-04,AF-1017,MSN-3531,medium
2026-10-04,AF-1002,MSN-2622,medium
2026-10-04,AF-1015,MSN-7686,medium
2026-10-04,AF-1020,MSN-1536,high
2026-10-04,AF-1005,MSN-7070,low
2026-10-05,AF-1015,MSN-2501,high
2026-10-05,AF-1024,MSN-4475,high
2026-10-05,AF-1008,MSN-1349,low
2026-10-05,AF-1012,MSN-6464,low
2026-10-05,AF-1004,MSN-3063,high
2026-10-05,AF-1021,MSN-4362,low
2026-10-05,AF-1018,MSN-4394,high
2026-10-05,AF-1019,MSN-4538,low
2026-10-05,AF-1002,MSN-6383,low
2026-10-05,AF-1007,MSN-1046,medium
2026-10-05,AF-1005,MSN-3370,low
2026-10-05,AF-1020,MSN-9850,medium
2026-10-05,AF-1016,MSN-3858,low
2026-10-05,AF-1022,MSN-1422,low
2026-10-06,AF-1001,MSN-2041,medium
2026-10-06,AF-1012,MSN-8344,medium
2026-10-06,AF-1008,MSN-9408,high
2026-10-06,AF-1019,MSN-2786,medium
2026-10-06,AF-1011,MSN-9254,low
2026-10-06,AF-1024,MSN-1710,high
2026-10-06,AF-1006,MSN-9543,medium
2026-10-06,AF-1009,MSN-8504,high
2026-10-06,AF-1002,MSN-1510,low
2026-10-06,AF-1003,MSN-8847,medium
2026-10-06,AF-1023,MSN-7984,high
2026-10-06,AF-1007,MSN-2768,medium
2026-10-06,AF-1017,MSN-8267,low
2026-10-06,AF-1016,MSN-2323,medium
2026-10-07,AF-1020,MSN-8048,low
2026-10-07,AF-1005,MSN-2874,high
2026-10-07,AF-1003,MSN-4522,medium
2026-10-07,AF-1023,MSN-8398,low
2026-10-07,AF-1009,MSN-7779,medium
2026-10-07,AF-1019,MSN-8430,medium
2026-10-07,AF-1018,MSN-7815,high
2026-10-07,AF-1011,MSN-2557,medium
2026-10-07,AF-1013,MSN-7992,medium
2026-10-07,AF-1010,MSN-5176,medium
2026-10-07,AF-1024,MSN-3500,high
2026-10-07,AF-1021,MSN-8770,low
2026-10-07,AF-1008,MSN-2494,low
2026-10-07,AF-1014,MSN-2527,medium
2026-10-08,AF-1004,MSN-5712,high
2026-10-08,AF-1012,MSN-6119,medium
2026-10-08,AF-1005,MSN-2697,high
2026-10-08,AF-1018,MSN-9313,low
2026-10-08,AF-1002,MSN-3535,high
2026-10-08,AF-1019,MSN-8900,low
2026-10-08,AF-1021,MSN-2773,medium
2026-10-08,AF-1011,MSN-7022,low
2026-10-08,AF-1024,MSN-5564,high
2026-10-08,AF-1007,MSN-4705,medium
2026-10-08,AF-1006,MSN-1430,high
2026-10-08,AF-1017,MSN-5381,low
2026-10-08,AF-1015,MSN-3955,medium
2026-10-08,AF-1001,MSN-6062,medium
2026-10-09,AF-1012,MSN-7878,medium
2026-10-09,AF-1001,MSN-6585,low
2026-10-09,AF-1006,MSN-7062,medium
2026-10-09,AF-1005,MSN-6314,high
2026-10-09,AF-1019,MSN-2391,low
2026-10-09,AF-1013,MSN-3549,low
2026-10-09,AF-1003,MSN-1815,high
2026-10-09,AF-1021,MSN-2336,medium
2026-10-09,AF-1023,MSN-8259,high
2026-10-09,AF-1002,MSN-7947,medium
2026-10-09,AF-1024,MSN-8242,medium
2026-10-09,AF-1009,MSN-5475,low
2026-10-09,AF-1004,MSN-9394,low
2026-10-09,AF-1007,MSN-6655,medium
2026-10-10,AF-1004,MSN-5938,low
2026-10-10,AF-1010,MSN-3248,medium
2026-10-10,AF-1022,MSN-5742,medium
2026-10-10,AF-1019,MSN-2965,low
2026-10-10,AF-1016,MSN-9149,high
2026-10-10,AF-1017,MSN-8055,low
2026-10-10,AF-1023,MSN-3116,medium
2026-10-10,AF-1002,MSN-9725,high
2026-10-10,AF-1008,MSN-4770,high
2026-10-10,AF-1007,MSN-6802,low
2026-10-10,AF-1018,MSN-7505,high
2026-10-10,AF-1001,MSN-1693,medium
2026-10-10,AF-1013,MSN-1307,medium
2026-10-10,AF-1024,MSN-2275,medium
2026-10-11,AF-1019,MSN-6928,low
2026-10-11,AF-1014,MSN-8155,low
2026-10-11,AF-1024,MSN-4986,medium
2026-10-11,AF-1013,MSN-7560,high
2026-10-11,AF-1023,MSN-2288,medium
2026-10-11,AF-1010,MSN-6083,high
2026-10-11,AF-1004,MSN-6562,low
2026-10-11,AF-1021,MSN-6456,low
2026-10-11,AF-1001,MSN-2251,high
2026-10-11,AF-1006,MSN-2868,high
2026-10-11,AF-1003,MSN-9355,low
2026-10-11,AF-1017,MSN-6724,medium
2026-10-11,AF-1022,MSN-3419,low
2026-10-11,AF-1008,MSN-2684,low
2026-10-12,AF-1009,MSN-6295,high
2026-10-12,AF-1007,MSN-6179,low
2026-10-12,AF-1006,MSN-8205,low
2026-10-12,AF-1020,MSN-8682,medium
2026-10-12,AF-1005,MSN-5961,medium
2026-10-12,AF-1003,MSN-1920,medium
2026-10-12,AF-1022,MSN-9312,low
2026-10-12,AF-1016,MSN-6085,medium
2026-10-12,AF-1015,MSN-8404,low
2026-10-12,AF-1013,MSN-1932,medium
2026-10-12,AF-1010,MSN-5703,low
2026-10-12,AF-1017,MSN-2479,high
2026-10-12,AF-1014,MSN-9307,medium
2026-10-12,AF-1008,MSN-8581,high
2026-10-13,AF-1018,MSN-9266,high
2026-10-13,AF-1002,MSN-3827,low
2026-10-13,AF-1015,MSN-5059,high
2026-10-13,AF-1019,MSN-8172,medium
2026-10-13,AF-1007,MSN-9586,high
2026-10-13,AF-1011,MSN-3600,medium
2026-10-13,AF-1016,MSN-7108,medium
2026-10-13,AF-1017,MSN-7347,medium
2026-10-13,AF-1005,MSN-6543,high
2026-10-13,AF-1001,MSN-1857,high
2026-10-13,AF-1008,MSN-6482,low
2026-10-13,AF-1023,MSN-6401,low
2026-10-13,AF-1006,MSN-7333,medium
2026-10-13,AF-1013,MSN-5128,high
2026-10-14,AF-1022,MSN-2388,medium
2026-10-14,AF-1020,MSN-7171,high
2026-10-14,AF-1005,MSN-6381,low
2026-10-14,AF-1011,MSN-9624,low
2026-10-14,AF-1003,MSN-7937,high
2026-10-14,AF-1019,MSN-6928,low
2026-10-14,AF-1024,MSN-6940,medium
2026-10-14,AF-1012,MSN-3953,low
2026-10-14,AF-1010,MSN-6598,medium
2026-10-14,AF-1021,MSN-4145,low
2026-10-14,AF-1017,MSN-3253,low
2026-10-14,AF-1015,MSN-2264,medium
2026-10-14,AF-1007,MSN-2657,high
2026-10-14,AF-1023,MSN-9843,high
2026-10-15,AF-1017,MSN-8170,low
2026-10-15,AF-1002,MSN-7731,medium
2026-10-15,AF-1022,MSN-4891,medium
2026-10-15,AF-1011,MSN-5668,high
2026-10-15,AF-1020,MSN-8355,low
2026-10-15,AF-1005,MSN-9749,low
2026-10-15,AF-1013,MSN-6070,medium
2026-10-15,AF-1019,MSN-4178,medium
2026-10-15,AF-1006,MSN-8218,medium
2026-10-15,AF-1003,MSN-5616,medium
2026-10-15,AF-1014,MSN-9239,high
2026-10-15,AF-1012,MSN-7859,low
2026-10-15,AF-1010,MSN-4271,high
2026-10-15,AF-1015,MSN-3267,medium
2026-10-16,AF-1002,MSN-9410,low
2026-10-16,AF-1021,MSN-8167,low
2026-10-16,AF-1016,MSN-4637,medium
2026-10-16,AF-1012,MSN-6727,low
2026-10-16,AF-1018,MSN-7797,low
2026-10-16,AF-1004,MSN-7495,high
2026-10-16,AF-1017,MSN-7126,low
2026-10-16,AF-1019,MSN-7326,low
2026-10-16,AF-1010,MSN-7142,low
2026-10-16,AF-1024,MSN-1461,medium
2026-10-16,AF-1013,MSN-2623,high
2026-10-16,AF-1003,MSN-6493,low
2026-10-16,AF-1005,MSN-3254,low
2026-10-16,AF-1008,MSN-5700,medium
2026-10-17,AF-1023,MSN-9647,medium
2026-10-17,AF-1005,MSN-2821,medium
2026-10-17,AF-1016,MSN-4893,medium
2026-10-17,AF-1015,MSN-2996,low
2026-10-17,AF-1020,MSN-4906,medium
2026-10-17,AF-1001,MSN-8489,low
2026-10-17,AF-1003,MSN-2816,medium
2026-10-17,AF-1019,MSN-9782,low
2026-10-17,AF-1009,MSN-9443,high
2026-10-17,AF-1004,MSN-4963,high
2026-10-17,AF-1014,MSN-3352,medium
2026-10-17,AF-1018,MSN-8032,low
2026-10-17,AF-1022,MSN-6780,low
2026-10-17,AF-1010,MSN-7825,low
2026-10-18,AF-1022,MSN-7338,medium
2026-10-18,AF-1024,MSN-5155,high
2026-10-18,AF-1003,MSN-1266,medium
2026-10-18,AF-1017,MSN-2106,medium
2026-10-18,AF-1012,MSN-4950,high
2026-10-18,AF-1023,MSN-2698,high
2026-10-18,AF-1021,MSN-6447,low
2026-10-18,AF-1018,MSN-1726,medium
2026-10-18,AF-1001,MSN-9945,medium
2026-10-18,AF-1007,MSN-3868,high
2026-10-18,AF-1014,MSN-8612,high
2026-10-18,AF-1008,MSN-8840,high
2026-10-18,AF-1016,MSN-3986,low
2026-10-18,AF-1011,MSN-2033,high
2026-10-19,AF-1015,MSN-1599,high
2026-10-19,AF-1002,MSN-4131,medium
2026-10-19,AF-1010,MSN-6848,low
2026-10-19,AF-1007,MSN-6438,medium
2026-10-19,AF-1023,MSN-3039,medium
2026-10-19,AF-1021,MSN-8159,medium
2026-10-19,AF-1020,MSN-8204,medium
2026-10-19,AF-1011,MSN-6554,low
2026-10-19,AF-1022,MSN-9129,high
2026-10-19,AF-1009,MSN-9151,medium
2026-10-19,AF-1019,MSN-9507,medium
2026-10-19,AF-1024,MSN-2353,high
2026-10-19,AF-1008,MSN-7955,low
2026-10-19,AF-1005,MSN-8055,high
2026-10-20,AF-1006,MSN-8272,medium
2026-10-20,AF-1018,MSN-8325,low
2026-10-20,AF-1010,MSN-6776,high
2026-10-20,AF-1011,MSN-8126,medium
2026-10-20,AF-1004,MSN-1939,low
2026-10-20,AF-1003,MSN-7655,medium
2026-10-20,AF-1021,MSN-9406,high
2026-10-20,AF-1022,MSN-3621,low
2026-10-20,AF-1017,MSN-3339,high
2026-10-20,AF-1008,MSN-8179,low
2026-10-20,AF-1016,MSN-3068,low
2026-10-20,AF-1012,MSN-4866,high
2026-10-20,AF-1007,MSN-7001,medium
2026-10-20,AF-1019,MSN-7272,high
2026-10-21,AF-1002,MSN-5566,low
2026-10-21,AF-1020,MSN-2858,low
2026-10-21,AF-1005,MSN-4048,medium
2026-10-21,AF-1015,MSN-9482,medium
2026-10-21,AF-1012,MSN-2929,medium
2026-10-21,AF-1023,MSN-5264,high
2026-10-21,AF-1021,MSN-8311,low
2026-10-21,AF-1003,MSN-5678,high
2026-10-21,AF-1022,MSN-9047,low
2026-10-21,AF-1009,MSN-3009,low
2026-10-21,AF-1006,MSN-2213,medium
2026-10-21,AF-1007,MSN-3828,high
2026-10-21,AF-1014,MSN-8292,low
2026-10-21,AF-1011,MSN-6236,high
2026-10-22,AF-1012,MSN-4292,low
2026-10-22,AF-1023,MSN-4878,medium
2026-10-22,AF-1003,MSN-1430,medium
2026-10-22,AF-1018,MSN-7044,medium
2026-10-22,AF-1021,MSN-3126,high
2026-10-22,AF-1010,MSN-2412,low
2026-10-22,AF-1019,MSN-6067,medium
2026-10-22,AF-1006,MSN-8842,high
2026-10-22,AF-1017,MSN-7730,medium
2026-10-22,AF-1013,MSN-2208,low
2026-10-22,AF-1016,MSN-6194,high
2026-10-22,AF-1009,MSN-2215,medium
2026-10-22,AF-1004,MSN-8632,high
2026-10-22,AF-1002,MSN-9476,medium
2026-10-23,AF-1005,MSN-3697,low
2026-10-23,AF-1018,MSN-6286,high
2026-10-23,AF-1021,MSN-4694,medium
2026-10-23,AF-1019,MSN-9501,medium
2026-10-23,AF-1006,MSN-2292,medium
2026-10-23,AF-1024,MSN-4216,high
2026-10-23,AF-1014,MSN-5496,low
2026-10-23,AF-1017,MSN-5961,high
2026-10-23,AF-1002,MSN-9740,low
2026-10-23,AF-1023,MSN-9234,high
2026-10-23,AF-1016,MSN-3762,high
2026-10-23,AF-1009,MSN-3526,low
2026-10-23,AF-1003,MSN-6531,high
2026-10-23,AF-1022,MSN-1674,low
2026-10-24,AF-1003,MSN-5949,medium
2026-10-24,AF-1002,MSN-5012,high
2026-10-24,AF-1021,MSN-7653,medium
2026-10-24,AF-1019,MSN-8430,low
2026-10-24,AF-1009,MSN-1981,low
2026-10-24,AF-1007,MSN-8202,medium
2026-10-24,AF-1014,MSN-8933,medium
2026-10-24,AF-1001,MSN-4342,medium
2026-10-24,AF-1016,MSN-3353,medium
2026-10-24,AF-1015,MSN-6231,high
2026-10-24,AF-1011,MSN-6658,medium
2026-10-24,AF-1020,MSN-3142,medium
2026-10-24,AF-1005,MSN-9437,high
2026-10-24,AF-1018,MSN-2739,medium
2026-10-25,AF-1008,MSN-3616,medium
2026-10-25,AF-1015,MSN-6123,low
2026-10-25,AF-1004,MSN-3610,medium
2026-10-25,AF-1009,MSN-9433,medium
2026-10-25,AF-1023,MSN-9171,medium
2026-10-25,AF-1024,MSN-9148,low
2026-10-25,AF-1005,MSN-2475,medium
2026-10-25,AF-1022,MSN-9281,medium
2026-10-25,AF-1002,MSN-4944,low
2026-10-25,AF-1018,MSN-6781,low
2026-10-25,AF-1007,MSN-1828,medium
2026-10-25,AF-1010,MSN-9108,high
2026-10-25,AF-1014,MSN-8710,medium
2026-10-25,AF-1017,MSN-9793,low
2026-10-26,AF-1004,MSN-5728,low
2026-10-26,AF-1014,MSN-7329,high
2026-10-26,AF-1005,MSN-8378,high
2026-10-26,AF-1009,MSN-5582,high
2026-10-26,AF-1012,MSN-2946,low
2026-10-26,AF-1013,MSN-2584,medium
2026-10-26,AF-1020,MSN-7114,medium
2026-10-26,AF-1002,MSN-6990,low
2026-10-26,AF-1019,MSN-4261,high
2026-10-26,AF-1001,MSN-9341,medium
2026-10-26,AF-1010,MSN-9193,low
2026-10-26,AF-1021,MSN-1742,low
2026-10-26,AF-1024,MSN-3245,high
2026-10-26,AF-1006,MSN-6456,medium
2026-10-27,AF-1017,MSN-6511,high
2026-10-27,AF-1015,MSN-9351,high
2026-10-27,AF-1005,MSN-9025,high
2026-10-27,AF-1020,MSN-5911,medium
2026-10-27,AF-1024,MSN-1272,medium
2026-10-27,AF-1022,MSN-6427,high
2026-10-27,AF-1011,MSN-2795,medium
2026-10-27,AF-1018,MSN-6040,high
2026-10-27,AF-1006,MSN-1436,high
2026-10-27,AF-1007,MSN-8775,medium
2026-10-27,AF-1010,MSN-4728,high
2026-10-27,AF-1012,MSN-1841,high
2026-10-27,AF-1019,MSN-8871,low
2026-10-27,AF-1014,MSN-9589,high
2026-10-28,AF-1024,MSN-4340,medium
2026-10-28,AF-1020,MSN-9221,high
2026-10-28,AF-1013,MSN-8726,high
2026-10-28,AF-1005,MSN-2020,high
2026-10-28,AF-1008,MSN-3262,high
2026-10-28,AF-1002,MSN-4397,high
2026-10-28,AF-1004,MSN-6325,high
2026-10-28,AF-1007,MSN-8837,high
2026-10-28,AF-1001,MSN-7173,medium
2026-10-28,AF-1023,MSN-3837,medium
2026-10-28,AF-1006,MSN-9734,medium
2026-10-28,AF-1017,MSN-9950,medium
2026-10-28,AF-1003,MSN-5331,high
2026-10-28,AF-1022,MSN-8932,low
2026-10-29,AF-1008,MSN-5715,low
2026-10-29,AF-1009,MSN-9899,medium
2026-10-29,AF-1018,MSN-7464,medium
2026-10-29,AF-1010,MSN-3399,medium
2026-10-29,AF-1024,MSN-1689,medium
2026-10-29,AF-1021,MSN-2294,medium
2026-10-29,AF-1019,MSN-8247,high
2026-10-29,AF-1007,MSN-5201,high
2026-10-29,AF-1016,MSN-8849,low
2026-10-29,AF-1006,MSN-4310,high
2026-10-29,AF-1020,MSN-5442,high
2026-10-29,AF-1015,MSN-5450,low
2026-10-29,AF-1023,MSN-2789,high
2026-10-29,AF-1005,MSN-4920,low
2026-10-30,AF-1002,MSN-1084,high
2026-10-30,AF-1022,MSN-3587,medium
2026-10-30,AF-1017,MSN-8793,medium
2026-10-30,AF-1008,MSN-4267,medium
2026-10-30,AF-1021,MSN-6262,medium
2026-10-30,AF-1024,MSN-1969,low
2026-10-30,AF-1004,MSN-4804,high
2026-10-30,AF-1014,MSN-1611,low
2026-10-30,AF-1011,MSN-7846,low
2026-10-30,AF-1012,MSN-1595,medium
2026-10-30,AF-1020,MSN-9116,low
2026-10-30,AF-1019,MSN-5742,low
2026-10-30,AF-1016,MSN-1151,medium
2026-10-30,AF-1003,MSN-2758,medium
2026-10-31,AF-1010,MSN-3662,high
2026-10-31,AF-1015,MSN-8518,high
2026-10-31,AF-1021,MSN-5215,high
2026-10-31,AF-1018,MSN-4050,low
2026-10-31,AF-1017,MSN-6523,medium
2026-10-31,AF-1016,MSN-4164,low
2026-10-31,AF-1005,MSN-7643,medium
2026-10-31,AF-1020,MSN-9442,medium
2026-10-31,AF-1023,MSN-2421,medium
2026-10-31,AF-1022,MSN-2562,low
2026-10-31,AF-1004,MSN-3303,medium
2026-10-31,AF-1013,MSN-6301,low
2026-10-31,AF-1002,MSN-1111,medium
2026-10-31,AF-1006,MSN-7284,low
2026-11-01,AF-1015,MSN-8625,medium
2026-11-01,AF-1009,MSN-3616,medium
2026-11-01,AF-1011,MSN-9233,high
2026-11-01,AF-1010,MSN-6095,high
2026-11-01,AF-1019,MSN-2923,high
2026-11-01,AF-1020,MSN-5833,medium
2026-11-01,AF-1001,MSN-4618,low
2026-11-01,AF-1023,MSN-3188,medium
2026-11-01,AF-1012,MSN-3509,medium
2026-11-01,AF-1016,MSN-7121,medium
2026-11-01,AF-1004,MSN-9998,medium
2026-11-01,AF-1018,MSN-9806,high
2026-11-01,AF-1022,MSN-4578,low
2026-11-01,AF-1002,MSN-2341,high
2026-11-02,AF-1015,MSN-9525,medium
2026-11-02,AF-1017,MSN-2904,high
2026-11-02,AF-1012,MSN-4365,high
2026-11-02,AF-1003,MSN-9008,low
2026-11-02,AF-1019,MSN-9361,medium
2026-11-02,AF-1004,MSN-1911,medium
2026-11-02,AF-1002,MSN-3161,high
2026-11-02,AF-1023,MSN-7806,medium
2026-11-02,AF-1007,MSN-1945,high
2026-11-02,AF-1010,MSN-8575,high
2026-11-02,AF-1009,MSN-6049,high
2026-11-02,AF-1021,MSN-1356,medium
2026-11-02,AF-1013,MSN-5169,low
2026-11-02,AF-1006,MSN-4570,high
2026-11-03,AF-1003,MSN-7887,medium
2026-11-03,AF-1002,MSN-7266,medium
2026-11-03,AF-1014,MSN-7184,medium
2026-11-03,AF-1012,MSN-2314,high
2026-11-03,AF-1024,MSN-9835,low
2026-11-03,AF-1018,MSN-6697,low
2026-11-03,AF-1023,MSN-3924,high
2026-11-03,AF-1020,MSN-7439,high
2026-11-03,AF-1016,MSN-3086,high
2026-11-03,AF-1001,MSN-4648,low
2026-11-03,AF-1005,MSN-1372,medium
2026-11-03,AF-1007,MSN-8585,high
2026-11-03,AF-1017,MSN-9920,medium
2026-11-03,AF-1021,MSN-9715,medium
2026-11-04,AF-1008,MSN-4943,low
2026-11-04,AF-1024,MSN-2102,low
2026-11-04,AF-1015,MSN-1550,medium
2026-11-04,AF-1012,MSN-1797,low
2026-11-04,AF-1005,MSN-1724,medium
2026-11-04,AF-1009,MSN-8191,low
2026-11-04,AF-1007,MSN-9843,low
2026-11-04,AF-1004,MSN-1924,low
2026-11-04,AF-1002,MSN-9255,medium
2026-11-04,AF-1013,MSN-4836,high
2026-11-04,AF-1011,MSN-6224,high
2026-11-04,AF-1018,MSN-6253,low
2026-11-04,AF-1010,MSN-5944,low
2026-11-04,AF-1001,MSN-9540,low
2026-11-05,AF-1014,MSN-9592,medium
2026-11-05,AF-1010,MSN-7821,medium
2026-11-05,AF-1009,MSN-3444,medium
2026-11-05,AF-1002,MSN-7167,low
2026-11-05,AF-1018,MSN-9813,medium
2026-11-05,AF-1019,MSN-4948,low
2026-11-05,AF-1006,MSN-5927,high
2026-11-05,AF-1024,MSN-3365,medium
2026-11-05,AF-1016,MSN-1944,high
2026-11-05,AF-1001,MSN-7761,medium
2026-11-05,AF-1020,MSN-9683,low
2026-11-05,AF-1011,MSN-7363,low
2026-11-05,AF-1013,MSN-5177,low
2026-11-05,AF-1007,MSN-6411,high
2026-11-06,AF-1003,MSN-4082,high
2026-11-06,AF-1015,MSN-4555,medium
2026-11-06,AF-1012,MSN-4422,medium
2026-11-06,AF-1024,MSN-5967,low
2026-11-06,AF-1018,MSN-4470,low
2026-11-06,AF-1007,MSN-2922,high
2026-11-06,AF-1002,MSN-8846,low
2026-11-06,AF-1009,MSN-4350,medium
2026-11-06,AF-1013,MSN-4921,high
2026-11-06,AF-1011,MSN-6269,medium
2026-11-06,AF-1010,MSN-7236,medium
2026-11-06,AF-1014,MSN-9743,high
2026-11-06,AF-1001,MSN-6886,medium
2026-11-06,AF-1020,MSN-5285,medium
2026-11-07,AF-1017,MSN-1265,medium
2026-11-07,AF-1016,MSN-7841,medium
2026-11-07,AF-1015,MSN-3497,low
2026-11-07,AF-1004,MSN-6404,low
2026-11-07,AF-1023,MSN-7223,high
2026-11-07,AF-1011,MSN-5026,medium
2026-11-07,AF-1007,MSN-6530,medium
2026-11-07,AF-1012,MSN-9005,high
2026-11-07,AF-1019,MSN-9037,medium
2026-11-07,AF-1018,MSN-3756,high
2026-11-07,AF-1001,MSN-6770,low
2026-11-07,AF-1010,MSN-3293,high
2026-11-07,AF-1021,MSN-9954,medium
2026-11-07,AF-1003,MSN-4015,high
2026-11-08,AF-1021,MSN-1149,low
2026-11-08,AF-1002,MSN-9285,medium
2026-11-08,AF-1017,MSN-7114,low
2026-11-08,AF-1023,MSN-8916,high
2026-11-08,AF-1003,MSN-8993,low
2026-11-08,AF-1024,MSN-1108,high
2026-11-08,AF-1001,MSN-7739,low
2026-11-08,AF-1014,MSN-1274,high
2026-11-08,AF-1005,MSN-5501,high
2026-11-08,AF-1022,MSN-5697,low
2026-11-08,AF-1011,MSN-9228,high
2026-11-08,AF-1004,MSN-8054,low
2026-11-08,AF-1019,MSN-2753,low
2026-11-08,AF-1020,MSN-9591,low
2026-11-09,AF-1008,MSN-4700,medium
2026-11-09,AF-1007,MSN-2320,high
2026-11-09,AF-1020,MSN-1519,low
2026-11-09,AF-1017,MSN-7640,medium
2026-11-09,AF-1009,MSN-7179,high
2026-11-09,AF-1012,MSN-8798,low
2026-11-09,AF-1022,MSN-1154,high
2026-11-09,AF-1013,MSN-3807,low
2026-11-09,AF-1003,MSN-9189,medium
2026-11-09,AF-1006,MSN-6427,high
2026-11-09,AF-1023,MSN-2562,high
2026-11-09,AF-1024,MSN-1697,low
2026-11-09,AF-1010,MSN-4463,high
2026-11-09,AF-1004,MSN-8790,medium
2026-11-10,AF-1002,MSN-2260,medium
2026-11-10,AF-1003,MSN-3661,high
2026-11-10,AF-1022,MSN-4939,high
2026-11-10,AF-1009,MSN-7375,high
2026-11-10,AF-1018,MSN-9856,medium
2026-11-10,AF-1019,MSN-7288,high
2026-11-10,AF-1024,MSN-3292,high
2026-11-10,AF-1006,MSN-2284,high
2026-11-10,AF-1011,MSN-6666,low
2026-11-10,AF-1001,MSN-2600,medium
2026-11-10,AF-1004,MSN-4803,low
2026-11-10,AF-1010,MSN-6580,high
2026-11-10,AF-1023,MSN-7499,medium
2026-11-10,AF-1007,MSN-1485,high
2026-11-11,AF-1009,MSN-5839,low
2026-11-11,AF-1015,MSN-2204,low
2026-11-11,AF-1016,MSN-5390,low
2026-11-11,AF-1008,MSN-7225,high
2026-11-11,AF-1012,MSN-3527,high
2026-11-11,AF-1018,MSN-7383,medium
2026-11-11,AF-1013,MSN-6909,low
2026-11-11,AF-1014,MSN-2499,low
2026-11-11,AF-1006,MSN-6050,medium
2026-11-11,AF-1011,MSN-6896,medium
2026-11-11,AF-1010,MSN-2674,low
2026-11-11,AF-1023,MSN-2430,low
2026-11-11,AF-1007,MSN-8061,medium
2026-11-11,AF-1002,MSN-9395,medium
2026-11-12,AF-1004,MSN-4977,high
2026-11-12,AF-1001,MSN-9537,low
2026-11-12,AF-1003,MSN-7237,low
2026-11-12,AF-1012,MSN-3274,medium
2026-11-12,AF-1018,MSN-5933,medium
2026-11-12,AF-1022,MSN-9079,low
2026-11-12,AF-1011,MSN-2036,low
2026-11-12,AF-1013,MSN-8121,medium
2026-11-12,AF-1023,MSN-7899,medium
2026-11-12,AF-1005,MSN-8933,low
2026-11-12,AF-1007,MSN-6916,medium
2026-11-12,AF-1014,MSN-5040,high
2026-11-12,AF-1002,MSN-9123,high
2026-11-12,AF-1009,MSN-4203,medium
2026-11-13,AF-1004,MSN-5922,medium
2026-11-13,AF-1005,MSN-4290,medium
2026-11-13,AF-1010,MSN-6147,low
2026-11-13,AF-1001,MSN-7524,medium
2026-11-13,AF-1013,MSN-5775,high
2026-11-13,AF-1011,MSN-9044,high
2026-11-13,AF-1020,MSN-4971,medium
2026-11-13,AF-1019,MSN-7161,medium
2026-11-13,AF-1015,MSN-7437,medium
2026-11-13,AF-1006,MSN-2865,high
2026-11-13,AF-1007,MSN-4273,high
2026-11-13,AF-1017,MSN-9939,low
2026-11-13,AF-1022,MSN-1440,high
2026-11-13,AF-1003,MSN-8563,high
2026-11-14,AF-1007,MSN-7176,low
2026-11-14,AF-1015,MSN-8357,high
2026-11-14,AF-1010,MSN-8851,high
2026-11-14,AF-1003,MSN-7566,high
2026-11-14,AF-1014,MSN-9300,high
2026-11-14,AF-1016,MSN-7853,high
2026-11-14,AF-1005,MSN-1602,medium
2026-11-14,AF-1022,MSN-9796,high
2026-11-14,AF-1008,MSN-2392,low
2026-11-14,AF-1018,MSN-5067,high
2026-11-14,AF-1011,MSN-6816,low
2026-11-14,AF-1021,MSN-1725,high
2026-11-14,AF-1012,MSN-7547,medium
2026-11-14,AF-1024,MSN-8052,low
2026-11-15,AF-1001,MSN-9199,low
2026-11-15,AF-1004,MSN-6651,low
2026-11-15,AF-1009,MSN-8909,low
2026-11-15,AF-1008,MSN-5840,medium
2026-11-15,AF-1017,MSN-2406,low
2026-11-15,AF-1020,MSN-3321,medium
2026-11-15,AF-1018,MSN-6110,medium
2026-11-15,AF-1021,MSN-8460,low
2026-11-15,AF-1015,MSN-9537,medium
2026-11-15,AF-1006,MSN-6706,medium
2026-11-15,AF-1007,MSN-2599,medium
2026-11-15,AF-1019,MSN-8412,medium
2026-11-15,AF-1011,MSN-2100,medium
2026-11-15,AF-1010,MSN-1732,high
2026-11-16,AF-1004,MSN-8570,low
2026-11-16,AF-1001,MSN-7636,high
2026-11-16,AF-1011,MSN-4022,low
2026-11-16,AF-1021,MSN-8080,medium
2026-11-16,AF-1024,MSN-1478,high
2026-11-16,AF-1006,MSN-4232,medium
2026-11-16,AF-1008,MSN-8037,medium
2026-11-16,AF-1017,MSN-1072,high
2026-11-16,AF-1019,MSN-4519,low
2026-11-16,AF-1009,MSN-5560,high
2026-11-16,AF-1003,MSN-2025,high
2026-11-16,AF-1016,MSN-2667,high
2026-11-16,AF-1015,MSN-4063,medium
2026-11-16,AF-1007,MSN-6340,low
2026-11-17,AF-1015,MSN-5873,high
2026-11-17,AF-1004,MSN-2388,high
2026-11-17,AF-1009,MSN-3194,medium
2026-11-17,AF-1016,MSN-2931,low
2026-11-17,AF-1017,MSN-6003,low
2026-11-17,AF-1011,MSN-3999,medium
2026-11-17,AF-1013,MSN-3316,high
2026-11-17,AF-1018,MSN-7364,medium
2026-11-17,AF-1023,MSN-3258,high
2026-11-17,AF-1006,MSN-7286,medium
2026-11-17,AF-1024,MSN-4043,medium
2026-11-17,AF-1008,MSN-9804,high
2026-11-17,AF-1010,MSN-3838,high
2026-11-17,AF-1003,MSN-3733,medium
2026-11-18,AF-1010,MSN-9109,medium
2026-11-18,AF-1005,MSN-9056,medium
2026-11-18,AF-1006,MSN-8272,medium
2026-11-18,AF-1011,MSN-3740,low
2026-11-18,AF-1015,MSN-1505,low
2026-11-18,AF-1002,MSN-5785,low
2026-11-18,AF-1012,MSN-5503,low
2026-11-18,AF-1001,MSN-9808,medium
2026-11-18,AF-1016,MSN-3755,medium
2026-11-18,AF-1003,MSN-9115,high
2026-11-18,AF-1004,MSN-9369,low
2026-11-18,AF-1007,MSN-2871,medium
2026-11-18,AF-1009,MSN-9898,medium
2026-11-18,AF-1018,MSN-9880,low
2026-11-19,AF-1024,MSN-2923,low
2026-11-19,AF-1015,MSN-4438,high
2026-11-19,AF-1018,MSN-6744,high
2026-11-19,AF-1007,MSN-8015,low
2026-11-19,AF-1014,MSN-3281,low
2026-11-19,AF-1004,MSN-4390,low
2026-11-19,AF-1008,MSN-6747,high
2026-11-19,AF-1010,MSN-5605,high
2026-11-19,AF-1002,MSN-9827,low
2026-11-19,AF-1022,MSN-6302,high
2026-11-19,AF-1005,MSN-5794,medium
2026-11-19,AF-1006,MSN-5380,high
2026-11-19,AF-1016,MSN-2560,low
2026-11-19,AF-1023,MSN-7743,low
2026-11-20,AF-1009,MSN-7786,medium
2026-11-20,AF-1021,MSN-8405,low
2026-11-20,AF-1005,MSN-2525,medium
2026-11-20,AF-1022,MSN-9447,high
2026-11-20,AF-1008,MSN-5558,high
2026-11-20,AF-1023,MSN-7046,medium
2026-11-20,AF-1011,MSN-8996,medium
2026-11-20,AF-1020,MSN-1040,high
2026-11-20,AF-1013,MSN-2526,high
2026-11-20,AF-1017,MSN-8511,high
2026-11-20,AF-1003,MSN-6869,low
2026-11-20,AF-1010,MSN-9756,medium
2026-11-20,AF-1018,MSN-4568,medium
2026-11-20,AF-1019,MSN-4470,medium
2026-11-21,AF-1009,MSN-2631,high
2026-11-21,AF-1011,MSN-8529,low
2026-11-21,AF-1010,MSN-3035,low
2026-11-21,AF-1023,MSN-8230,medium
2026-11-21,AF-1018,MSN-1011,medium
2026-11-21,AF-1019,MSN-4314,high
2026-11-21,AF-1005,MSN-3161,high
2026-11-21,AF-1016,MSN-5945,low
2026-11-21,AF-1021,MSN-5489,low
2026-11-21,AF-1015,MSN-6905,medium
2026-11-21,AF-1017,MSN-2350,medium
2026-11-21,AF-1013,MSN-3711,low
2026-11-21,AF-1001,MSN-7493,high
2026-11-21,AF-1012,MSN-6005,high
2026-11-22,AF-1023,MSN-8291,low
2026-11-22,AF-1008,MSN-1132,high
2026-11-22,AF-1014,MSN-6629,low
2026-11-22,AF-1021,MSN-7919,high
2026-11-22,AF-1003,MSN-3165,medium
2026-11-22,AF-1004,MSN-2160,low
2026-11-22,AF-1001,MSN-7276,low
2026-11-22,AF-1007,MSN-2678,low
2026-11-22,AF-1016,MSN-6133,medium
2026-11-22,AF-1002,MSN-5902,low
2026-11-22,AF-1020,MSN-7270,low
2026-11-22,AF-1010,MSN-3340,low
2026-11-22,AF-1019,MSN-9691,high
2026-11-22,AF-1009,MSN-1138,high
2026-11-23,AF-1021,MSN-7291,medium
2026-11-23,AF-1006,MSN-8035,medium
2026-11-23,AF-1015,MSN-3290,low
2026-11-23,AF-1012,MSN-5537,high
2026-11-23,AF-1007,MSN-2380,low
2026-11-23,AF-1005,MSN-5668,high
2026-11-23,AF-1014,MSN-1439,high
2026-11-23,AF-1022,MSN-5942,low
2026-11-23,AF-1020,MSN-9482,high
2026-11-23,AF-1002,MSN-9348,low
2026-11-23,AF-1017,MSN-7418,medium
2026-11-23,AF-1003,MSN-1894,low
2026-11-23,AF-1018,MSN-9108,medium
2026-11-23,AF-1010,MSN-2847,low
2026-11-24,AF-1016,MSN-9951,high
2026-11-24,AF-1021,MSN-3830,medium
2026-11-24,AF-1020,MSN-2195,low
2026-11-24,AF-1003,MSN-2106,low
2026-11-24,AF-1017,MSN-5295,low
2026-11-24,AF-1001,MSN-1652,low
2026-11-24,AF-1012,MSN-7520,high
2026-11-24,AF-1011,MSN-5693,high
2026-11-24,AF-1005,MSN-9209,medium
2026-11-24,AF-1007,MSN-7939,high
2026-11-24,AF-1014,MSN-7590,low
2026-11-24,AF-1010,MSN-9791,high
2026-11-24,AF-1015,MSN-3501,medium
2026-11-24,AF-1006,MSN-2369,medium
2026-11-25,AF-1003,MSN-5005,low
2026-11-25,AF-1017,MSN-8118,low
2026-11-25,AF-1007,MSN-8428,high
2026-11-25,AF-1005,MSN-1901,medium
2026-11-25,AF-1018,MSN-3877,low
2026-11-25,AF-1011,MSN-1207,high
2026-11-25,AF-1013,MSN-3248,high
2026-11-25,AF-1024,MSN-1185,low
2026-11-25,AF-1010,MSN-9133,medium
2026-11-25,AF-1012,MSN-9568,high
2026-11-25,AF-1022,MSN-5247,low
2026-11-25,AF-1015,MSN-7092,low
2026-11-25,AF-1004,MSN-5403,high
2026-11-25,AF-1001,MSN-2934,low
2026-11-26,AF-1011,MSN-3734,medium
2026-11-26,AF-1014,MSN-3577,medium
2026-11-26,AF-1009,MSN-2685,high
2026-11-26,AF-1017,MSN-2889,low
2026-11-26,AF-1003,MSN-9336,low
2026-11-26,AF-1022,MSN-1721,low
2026-11-26,AF-1020,MSN-5006,low
2026-11-26,AF-1016,MSN-8729,medium
2026-11-26,AF-1015,MSN-7274,low
2026-11-26,AF-1019,MSN-3932,low
2026-11-26,AF-1006,MSN-7870,low
2026-11-26,AF-1001,MSN-6272,low
2026-11-26,AF-1008,MSN-7819,high
2026-11-26,AF-1010,MSN-6241,medium
2026-11-27,AF-1003,MSN-6362,low
2026-11-27,AF-1019,MSN-8483,low
2026-11-27,AF-1012,MSN-7044,low
2026-11-27,AF-1004,MSN-5777,high
2026-11-27,AF-1017,MSN-5979,high
2026-11-27,AF-1002,MSN-4974,medium
2026-11-27,AF-1006,MSN-7033,high
2026-11-27,AF-1008,MSN-9083,low
2026-11-27,AF-1023,MSN-9954,low
2026-11-27,AF-1007,MSN-3466,low
2026-11-27,AF-1016,MSN-7718,low
2026-11-27,AF-1020,MSN-4817,high
2026-11-27,AF-1005,MSN-6675,high
2026-11-27,AF-1022,MSN-1157,medium
2026-11-28,AF-1001,MSN-2524,low
2026-11-28,AF-1022,MSN-4792,high
2026-11-28,AF-1013,MSN-7767,high
2026-11-28,AF-1010,MSN-7102,medium
2026-11-28,AF-1004,MSN-2391,high
2026-11-28,AF-1007,MSN-2565,high
2026-11-28,AF-1017,MSN-3187,high
2026-11-28,AF-1008,MSN-7461,low
2026-11-28,AF-1014,MSN-2020,medium
2026-11-28,AF-1018,MSN-3141,low
2026-11-28,AF-1024,MSN-5778,medium
2026-11-28,AF-1003,MSN-6161,medium
2026-11-28,AF-1012,MSN-6345,medium
2026-11-28,AF-1005,MSN-8417,medium
2026-11-29,AF-1008,MSN-9780,medium
2026-11-29,AF-1003,MSN-4401,medium
2026-11-29,AF-1007,MSN-6051,medium
2026-11-29,AF-1005,MSN-5341,low
2026-11-29,AF-1019,MSN-2481,low
2026-11-29,AF-1004,MSN-5984,high
2026-11-29,AF-1021,MSN-1660,low
2026-11-29,AF-1020,MSN-6370,low
2026-11-29,AF-1006,MSN-2494,high
2026-11-29,AF-1024,MSN-5066,medium
2026-11-29,AF-1015,MSN-7492,high
2026-11-29,AF-1016,MSN-1802,high
2026-11-29,AF-1022,MSN-5896,medium
2026-11-29,AF-1002,MSN-3848,low
