Date,No Action,Plan
2026-10-01,22,22
2026-10-02,22,20
2026-10-03,21,19
2026-10-04,21,19
2026-10-05,21,21
2026-10-06,21,21
2026-10-07,20,21
2026-10-08,20,21
2026-10-09,20,21
2026-10-10,20,21
2026-10-11,20,21
2026-10-12,20,21
2026-10-13,20,21
2026-10-14,20,21
2026-10-15,20,21
2026-10-16,20,20
2026-10-17,20,20
2026-10-18,20,20
2026-10-19,19,20
2026-10-20,19,20
2026-10-21,19,20
2026-10-22,19,20
2026-10-23,19,20
2026-10-24,19,20
2026-10-25,19,20
2026-10-26,18,19
2026-10-27,17,19
2026-10-28,17,19
2026-10-29,16,18
2026-10-30,16,18
