aircraft_id,type,component,part_no,lead_time_days
AF-1001,Generic Fighter Trainer,engine_1,PN-ENG-F101,20
AF-1001,Generic Fighter Trainer,engine_2,PN-ENG-F101-2,14
AF-1001,Generic Fighter Trainer,hydraulic_pump,PN-HYD-GEN (Simulated),10
AF-1001,Generic Fighter Trainer,generator,PN-GEN-GEN (Simulated),8
AF-1001,Generic Fighter Trainer,avionics_unit,PN-AVI-GEN (Simulated),15
AF-1001,Generic Fighter Trainer,landing_gear_actuator,PN-LGA-GEN (Simulated),12
AF-1002,Generic Fighter Trainer,engine_1,PN-ENG-F101,20
AF-1002,Generic Fighter Trainer,engine_2,PN-ENG-F101-2,11
AF-1002,Generic Fighter Trainer,hydraulic_pump,PN-HYD-GEN (Simulated),15
AF-1002,Generic Fighter Trainer,generator,PN-GEN-GEN (Simulated),12
AF-1002,Generic Fighter Trainer,avionics_unit,PN-AVI-GEN (Simulated),7
AF-1002,Generic Fighter Trainer,landing_gear_actuator,PN-LGA-GEN (Simulated),9
AF-1003,Generic Fighter Trainer,engine_1,PN-ENG-P2,22
AF-1003,Generic Fighter Trainer,engine_2,PN-ENG-P2-2,23
AF-1003,Generic Fighter Trainer,hydraulic_pump,PN-HYD-GEN (Simulated),14
AF-1003,Generic Fighter Trainer,generator,PN-GEN-GEN (Simulated),11
AF-1003,Generic Fighter Trainer,avionics_unit,PN-AVI-GEN (Simulated),14
AF-1003,Generic Fighter Trainer,landing_gear_actuator,PN-LGA-GEN (Simulated),11
AF-1004,Generic Fighter Trainer,engine_1,PN-ENG-P3,22
AF-1004,Generic Fighter Trainer,engine_2,PN-ENG-P3-2,19
AF-1004,Generic Fighter Trainer,hydraulic_pump,PN-HYD-GEN (Simulated),13
AF-1004,Generic Fighter Trainer,generator,PN-GEN-GEN (Simulated),12
AF-1004,Generic Fighter Trainer,avionics_unit,PN-AVI-GEN (Simulated),6
AF-1004,Generic Fighter Trainer,landing_gear_actuator,PN-LGA-GEN (Simulated),5
AF-1005,Generic Fighter Trainer,engine_1,PN-ENG-P7,18
AF-1005,Generic Fighter Trainer,engine_2,PN-ENG-P7-2,19
AF-1005,Generic Fighter Trainer,hydraulic_pump,PN-HYD-GEN (Simulated),15
AF-1005,Generic Fighter Trainer,generator,PN-GEN-GEN (Simulated),7
AF-1005,Generic Fighter Trainer,avionics_unit,PN-AVI-GEN (Simulated),15
AF-1005,Generic Fighter Trainer,landing_gear_actuator,PN-LGA-GEN (Simulated),11
AF-1006,Generic Fighter Trainer,engine_1,PN-ENG-P5,17
AF-1006,Generic Fighter Trainer,engine_2,PN-ENG-P5-2,27
AF-1006,Generic Fighter Trainer,hydraulic_pump,PN-HYD-GEN (Simulated),11
AF-1006,Generic Fighter Trainer,generator,PN-GEN-GEN (Simulated),14
AF-1006,Generic Fighter Trainer,avionics_unit,PN-AVI-GEN (Simulated),12
AF-1006,Generic Fighter Trainer,landing_gear_actuator,PN-LGA-GEN (Simulated),13
AF-1007,Generic Transport Aircraft,engine_1,PN-ENG-P3,15
AF-1007,Generic Transport Aircraft,engine_2,PN-ENG-P3-2,18
AF-1007,Generic Transport Aircraft,hydraulic_pump,PN-HYD-GEN (Simulated),15
AF-1007,Generic Transport Aircraft,generator,PN-GEN-GEN (Simulated),13
AF-1007,Generic Transport Aircraft,avionics_unit,PN-AVI-GEN (Simulated),9
AF-1007,Generic Transport Aircraft,landing_gear_actuator,PN-LGA-GEN (Simulated),15
AF-1008,Generic Fighter Trainer,engine_1,PN-ENG-P4,18
AF-1008,Generic Fighter Trainer,engine_2,PN-ENG-P4-2,24
AF-1008,Generic Fighter Trainer,hydraulic_pump,PN-HYD-GEN (Simulated),11
AF-1008,Generic Fighter Trainer,generator,PN-GEN-GEN (Simulated),7
AF-1008,Generic Fighter Trainer,avionics_unit,PN-AVI-GEN (Simulated),12
AF-1008,Generic Fighter Trainer,landing_gear_actuator,PN-LGA-GEN (Simulated),5
AF-1009,Generic Transport Aircraft,engine_1,PN-ENG-P7,23
AF-1009,Generic Transport Aircraft,engine_2,PN-ENG-P7-2,20
AF-1009,Generic Transport Aircraft,hydraulic_pump,PN-HYD-GEN (Simulated),13
AF-1009,Generic Transport Aircraft,generator,PN-GEN-GEN (Simulated),6
AF-1009,Generic Transport Aircraft,avionics_unit,PN-AVI-GEN (Simulated),15
AF-1009,Generic Transport Aircraft,landing_gear_actuator,PN-LGA-GEN (Simulated),9
AF-1010,Generic Transport Aircraft,engine_1,PN-ENG-P6,21
AF-1010,Generic Transport Aircraft,engine_2,PN-ENG-P6-2,19
AF-1010,Generic Transport Aircraft,hydraulic_pump,PN-HYD-GEN (Simulated),10
AF-1010,Generic Transport Aircraft,generator,PN-GEN-GEN (Simulated),7
AF-1010,Generic Transport Aircraft,avionics_unit,PN-AVI-GEN (Simulated),13
AF-1010,Generic Transport Aircraft,landing_gear_actuator,PN-LGA-GEN (Simulated),13
AF-1011,Generic Transport Aircraft,engine_1,PN-ENG-P1,25
AF-1011,Generic Transport Aircraft,engine_2,PN-ENG-P1-2,30
AF-1011,Generic Transport Aircraft,hydraulic_pump,PN-HYD-GEN (Simulated),5
AF-1011,Generic Transport Aircraft,generator,PN-GEN-GEN (Simulated),6
AF-1011,Generic Transport Aircraft,avionics_unit,PN-AVI-GEN (Simulated),10
AF-1011,Generic Transport Aircraft,landing_gear_actuator,PN-LGA-GEN (Simulated),9
AF-1012,Generic Fighter Trainer,engine_1,PN-ENG-P2,16
AF-1012,Generic Fighter Trainer,engine_2,PN-ENG-P2-2,22
AF-1012,Generic Fighter Trainer,hydraulic_pump,PN-HYD-GEN (Simulated),14
AF-1012,Generic Fighter Trainer,generator,PN-GEN-GEN (Simulated),6
AF-1012,Generic Fighter Trainer,avionics_unit,PN-AVI-GEN (Simulated),6
AF-1012,Generic Fighter Trainer,landing_gear_actuator,PN-LGA-GEN (Simulated),12
AF-1013,Generic Transport Aircraft,engine_1,PN-ENG-P1,19
AF-1013,Generic Transport Aircraft,engine_2,PN-ENG-P1-2,19
AF-1013,Generic Transport Aircraft,hydraulic_pump,PN-HYD-GEN (Simulated),15
AF-1013,Generic Transport Aircraft,generator,PN-GEN-GEN (Simulated),12
AF-1013,Generic Transport Aircraft,avionics_unit,PN-AVI-GEN (Simulated),13
AF-1013,Generic Transport Aircraft,landing_gear_actuator,PN-LGA-GEN (Simulated),7
AF-1014,Generic Transport Aircraft,engine_1,PN-ENG-P5,28
AF-1014,Generic Transport Aircraft,engine_2,PN-ENG-P5-2,21
AF-1014,Generic Transport Aircraft,hydraulic_pump,PN-HYD-GEN (Simulated),13
AF-1014,Generic Transport Aircraft,generator,PN-GEN-GEN (Simulated),8
AF-1014,Generic Transport Aircraft,avionics_unit,PN-AVI-GEN (Simulated),9
AF-1014,Generic Transport Aircraft,landing_gear_actuator,PN-LGA-GEN (Simulated),11
AF-1015,Generic Fighter Trainer,engine_1,PN-ENG-P6,29
AF-1015,Generic Fighter Trainer,engine_2,PN-ENG-P6-2,29
AF-1015,Generic Fighter Trainer,hydraulic_pump,PN-HYD-GEN (Simulated),6
AF-1015,Generic Fighter Trainer,generator,PN-GEN-GEN (Simulated),8
AF-1015,Generic Fighter Trainer,avionics_unit,PN-AVI-GEN (Simulated),8
AF-1015,Generic Fighter Trainer,landing_gear_actuator,PN-LGA-GEN (Simulated),6
AF-1016,Generic Fighter Trainer,engine_1,PN-ENG-P4,15
AF-1016,Generic Fighter Trainer,engine_2,PN-ENG-P4-2,22
AF-1016,Generic Fighter Trainer,hydraulic_pump,PN-HYD-GEN (Simulated),14
AF-1016,Generic Fighter Trainer,generator,PN-GEN-GEN (Simulated),8
AF-1016,Generic Fighter Trainer,avionics_unit,PN-AVI-GEN (Simulated),5
AF-1016,Generic Fighter Trainer,landing_gear_actuator,PN-LGA-GEN (Simulated),6
AF-1017,Generic Transport Aircraft,engine_1,PN-ENG-F101,20
AF-1017,Generic Transport Aircraft,engine_2,PN-ENG-F101-2,8
AF-1017,Generic Transport Aircraft,hydraulic_pump,PN-HYD-GEN (Simulated),6
AF-1017,Generic Transport Aircraft,generator,PN-GEN-GEN (Simulated),5
AF-1017,Generic Transport Aircraft,avionics_unit,PN-AVI-GEN (Simulated),10
AF-1017,Generic Transport Aircraft,landing_gear_actuator,PN-LGA-GEN (Simulated),6
AF-1018,Generic Fighter Trainer,engine_1,PN-ENG-P3,23
AF-1018,Generic Fighter Trainer,engine_2,PN-ENG-P3-2,30
AF-1018,Generic Fighter Trainer,hydraulic_pump,PN-HYD-GEN (Simulated),8
AF-1018,Generic Fighter Trainer,generator,PN-GEN-GEN (Simulated),13
AF-1018,Generic Fighter Trainer,avionics_unit,PN-AVI-GEN (Simulated),7
AF-1018,Generic Fighter Trainer,landing_gear_actuator,PN-LGA-GEN (Simulated),14
AF-1019,Generic Transport Aircraft,engine_1,PN-ENG-P7,22
AF-1019,Generic Transport Aircraft,engine_2,PN-ENG-P7-2,30
AF-1019,Generic Transport Aircraft,hydraulic_pump,PN-HYD-GEN (Simulated),11
AF-1019,Generic Transport Aircraft,generator,PN-GEN-GEN (Simulated),8
AF-1019,Generic Transport Aircraft,avionics_unit,PN-AVI-GEN (Simulated),6
AF-1019,Generic Transport Aircraft,landing_gear_actuator,PN-LGA-GEN (Simulated),6
AF-1020,Generic Fighter Trainer,engine_1,PN-ENG-P6,26
AF-1020,Generic Fighter Trainer,engine_2,PN-ENG-P6-2,28
AF-1020,Generic Fighter Trainer,hydraulic_pump,PN-HYD-GEN (Simulated),11
AF-1020,Generic Fighter Trainer,generator,PN-GEN-GEN (Simulated),12
AF-1020,Generic Fighter Trainer,avionics_unit,PN-AVI-GEN (Simulated),5
AF-1020,Generic Fighter Trainer,landing_gear_actuator,PN-LGA-GEN (Simulated),15
AF-1021,Generic Fighter Trainer,engine_1,PN-ENG-P1,16
AF-1021,Generic Fighter Trainer,engine_2,PN-ENG-P1-2,27
AF-1021,Generic Fighter Trainer,hydraulic_pump,PN-HYD-GEN (Simulated),10
AF-1021,Generic Fighter Trainer,generator,PN-GEN-GEN (Simulated),6
AF-1021,Generic Fighter Trainer,avionics_unit,PN-AVI-GEN (Simulated),8
AF-1021,Generic Fighter Trainer,landing_gear_actuator,PN-LGA-GEN (Simulated),8
AF-1022,Generic Fighter Trainer,engine_1,PN-ENG-P3,29
AF-1022,Generic Fighter Trainer,engine_2,PN-ENG-P3-2,19
AF-1022,Generic Fighter Trainer,hydraulic_pump,PN-HYD-GEN (Simulated),11
AF-1022,Generic Fighter Trainer,generator,PN-GEN-GEN (Simulated),7
AF-1022,Generic Fighter Trainer,avionics_unit,PN-AVI-GEN (Simulated),9
AF-1022,Generic Fighter Trainer,landing_gear_actuator,PN-LGA-GEN (Simulated),12
AF-1023,Generic Fighter Trainer,engine_1,PN-ENG-P3,17
AF-1023,Generic Fighter Trainer,engine_2,PN-ENG-P3-2,29
AF-1023,Generic Fighter Trainer,hydraulic_pump,PN-HYD-GEN (Simulated),13
AF-1023,Generic Fighter Trainer,generator,PN-GEN-GEN (Simulated),6
AF-1023,Generic Fighter Trainer,avionics_unit,PN-AVI-GEN (Simulated),5
AF-1023,Generic Fighter Trainer,landing_gear_actuator,PN-LGA-GEN (Simulated),15
AF-1024,Generic Transport Aircraft,engine_1,PN-ENG-F101,20
AF-1024,Generic Transport Aircraft,engine_2,PN-ENG-F101-2,6
AF-1024,Generic Transport Aircraft,hydraulic_pump,PN-HYD-GEN (Simulated),8
AF-1024,Generic Transport Aircraft,generator,PN-GEN-GEN (Simulated),7
AF-1024,Generic Transport Aircraft,avionics_unit,PN-AVI-GEN (Simulated),11
AF-1024,Generic Transport Aircraft,landing_gear_actuator,PN-LGA-GEN (Simulated),12
