aircraft_id,component,predicted_rul_cycles,predicted_failure_date,risk_level,health_score,generated_at,top_reasons
AF-1001,engine_1,114.9,2027-02-01,green,91.9,2026-10-01 09:00,
AF-1001,engine_2,106.2,2027-01-23,green,85.0,2026-10-01 09:00,
AF-1002,engine_1,9.1,2026-10-09,red,7.3,2026-10-01 09:00,
AF-1002,engine_2,98.6,2026-12-30,green,78.9,2026-10-01 09:00,
AF-1003,engine_1,17.6,2026-10-11,red,14.1,2026-10-01 09:00,
AF-1003,engine_2,103.4,2026-12-01,green,82.7,2026-10-01 09:00,
AF-1004,engine_1,33.2,2026-10-26,amber,26.6,2026-10-01 09:00,
AF-1004,engine_2,83.0,2026-12-03,green,66.4,2026-10-01 09:00,
AF-1005,engine_1,50.5,2026-11-17,amber,40.4,2026-10-01 09:00,
AF-1005,engine_2,109.6,2027-01-10,green,87.7,2026-10-01 09:00,
AF-1006,engine_1,78.1,2026-12-15,amber,62.5,2026-10-01 09:00,
AF-1006,engine_2,109.2,2027-01-14,green,87.4,2026-10-01 09:00,
AF-1007,engine_1,65.2,2026-11-19,amber,52.2,2026-10-01 09:00,
AF-1007,engine_2,103.4,2026-12-17,green,82.7,2026-10-01 09:00,
AF-1008,engine_1,71.4,2026-11-13,amber,57.1,2026-10-01 09:00,
AF-1008,engine_2,109.0,2026-12-06,green,87.2,2026-10-01 09:00,
AF-1009,engine_1,37.0,2026-11-05,amber,29.6,2026-10-01 09:00,
AF-1009,engine_2,108.5,2027-01-11,green,86.8,2026-10-01 09:00,
AF-1010,engine_1,113.2,2027-02-02,green,90.6,2026-10-01 09:00,
AF-1010,engine_2,95.4,2027-01-14,green,76.3,2026-10-01 09:00,
AF-1011,engine_1,114.1,2026-12-15,green,91.3,2026-10-01 09:00,
AF-1011,engine_2,112.3,2026-12-14,green,89.8,2026-10-01 09:00,
AF-1012,engine_1,121.4,2026-12-30,green,97.1,2026-10-01 09:00,
AF-1012,engine_2,125.0,2027-01-01,green,100.0,2026-10-01 09:00,
AF-1013,engine_1,112.3,2026-12-17,green,89.8,2026-10-01 09:00,
AF-1013,engine_2,120.1,2026-12-22,green,96.1,2026-10-01 09:00,
AF-1014,engine_1,96.8,2027-01-03,green,77.4,2026-10-01 09:00,
AF-1014,engine_2,113.0,2027-01-19,green,90.4,2026-10-01 09:00,
AF-1015,engine_1,103.2,2027-01-05,green,82.6,2026-10-01 09:00,
AF-1015,engine_2,92.6,2026-12-26,green,74.1,2026-10-01 09:00,
AF-1016,engine_1,98.0,2026-11-23,green,78.4,2026-10-01 09:00,
AF-1016,engine_2,113.4,2026-12-02,green,90.7,2026-10-01 09:00,
AF-1017,engine_1,98.5,2026-12-03,green,78.8,2026-10-01 09:00,
AF-1017,engine_2,90.9,2026-11-28,green,72.7,2026-10-01 09:00,
AF-1018,engine_1,108.4,2026-12-28,green,86.7,2026-10-01 09:00,
AF-1018,engine_2,111.4,2026-12-30,green,89.1,2026-10-01 09:00,
AF-1019,engine_1,111.1,2026-11-28,green,88.9,2026-10-01 09:00,
AF-1019,engine_2,119.2,2026-12-02,green,95.4,2026-10-01 09:00,
AF-1020,engine_1,106.8,2026-12-08,green,85.4,2026-10-01 09:00,
AF-1020,engine_2,85.1,2026-11-24,green,68.1,2026-10-01 09:00,
AF-1021,engine_1,104.4,2026-12-17,green,83.5,2026-10-01 09:00,
AF-1021,engine_2,112.3,2026-12-23,green,89.8,2026-10-01 09:00,
AF-1022,engine_1,81.4,2026-12-08,green,65.1,2026-10-01 09:00,
AF-1022,engine_2,85.0,2026-12-11,green,68.0,2026-10-01 09:00,
AF-1023,engine_1,80.7,2026-11-15,green,64.6,2026-10-01 09:00,
AF-1023,engine_2,102.4,2026-11-27,green,81.9,2026-10-01 09:00,
AF-1024,engine_1,111.3,2027-01-08,green,89.0,2026-10-01 09:00,
AF-1024,engine_2,95.7,2026-12-25,green,76.6,2026-10-01 09:00,
