part_no,depot,qty_on_hand,reorder_level
PN-ENG-P7-2,Depot North,0,5
PN-ENG-F101-2,Depot South,2,5
PN-ENG-P1-2,Depot Central,0,3
PN-ENG-P6-2,Depot North,8,3
PN-ENG-P6,Depot North,0,1
PN-ENG-P2,Depot South,2,2
PN-ENG-P2-2,Depot South,0,3
PN-ENG-P7,Depot Central,0,3
PN-ENG-P4,Depot North,0,1
PN-LGA-GEN (Simulated),Depot South,7,3
PN-ENG-P5-2,Depot North,0,3
PN-GEN-GEN (Simulated),Depot South,6,2
PN-ENG-P3,Depot North,2,4
PN-ENG-P4-2,Depot South,5,2
PN-AVI-GEN (Simulated),Depot Central,17,3
PN-ENG-P1,Depot North,2,5
PN-ENG-F101,Depot North,0,2
PN-HYD-GEN (Simulated),Depot North,19,2
PN-ENG-P3-2,Depot South,1,4
PN-ENG-P5,Depot South,5,1
